post_id,post_url,post_text,post_time,reaction_count,comment_count,profile_id,profile_name,profile_url
1l32ptn,/r/SkincareAddiction/comments/1l32ptn/misc_my_skin_feels_and_looks_totally_fine_after_3/,"I've done it 3 days ago with 1mm needles. Today it feels and looks completely normal, it feels like it's finished healing. I did use LRP Baume b5 for first two days so that maybe helped, because already 2 hours after dermastamping and then putting the balm on, my skin wasn't red anymore.

I'm just surprised, because previously I used a roller, not a stamp, with 0.5mm needles the last time and it took longer to heal. ",1749035107.0,1,1,t2_fft13ewqo,kafeflek,https://www.reddit.com/user/kafeflek
1l32o95,/r/SkincareAddiction/comments/1l32o95/acne_help_me_with_this_dumb_clogged_pore_on_my/,I never really had a skincare routine but this dumb thing has been on my nose for months I need help lol https://imgur.com/a/Oxe9oUH,1749034961.0,1,1,t2_9ee3frtb,Spogangi,https://www.reddit.com/user/Spogangi
1l32jmh,/r/SkincareAddiction/comments/1l32jmh/product_question_nimue_worth_it/,"Hi! - ive been having a lot of problems with my skin lately, and a coworker suggested the brand Nimue. It is quite expensive, so before I use up half of my retirement fund on skincare, what are your general thoughts about the brand? Does less expensive dupes exist? Or is it totally worth all the money?

Thanks!",1749034540.0,1,1,t2_2ab7wgzj,rosatmm,https://www.reddit.com/user/rosatmm
1l32bec,/r/SkincareAddiction/comments/1l32bec/routine_help_is_this_fake/,# Hi all! I brought the Pan0xyl Acne Foaming Wash (10% ; 156g) and the Balancing Repair Moisturizer (3oz) in the new packaging. Ordered it off of TTok shop and the packaging kinda looks sus because theres no manufacturing date for both and no expiry date for the moisturizer. Is this indicative that these are fake? or is it just the new packaging?,1749033699.0,1,1,t2_1qs8vcjqhw,Ok_Consequence3622,https://www.reddit.com/user/Ok_Consequence3622
1l31ixr,/r/SkincareAddiction/comments/1l31ixr/personal_im_getting_in_3_days_but_my_lip_eczema/,"I'm (22F) getting married in 3 days and my Lip Licker's Dermatitis / Lip Eczema just keeps coming back. I feel insecure, ugly, &amp; annoyed.

My lips get red, itchy, chapped, flaky, it looks annoyingly nasty :(

I've had this for 2 months now and I'm so over it! I had a good whole week when I got prescribed Pimafucort &amp; Doxycycline but then after finishing the course, it just went back literally in less than 48 hours.

Switched to a gentle cleanser now like Cetaphil, hydrating moisturiser from Neutrogena, Banana Boat Baby Zinc sunscreen (using it for my face), &amp; Aven√© Cicalfate for my lips.

I admit I was using too much exfoliating products on my face way before like LRP Effaclar Micro Peeling Gel Cleanser with the LRP Effaclar Duo+M then probably atleast 5 different brands of lip balms/products but ever since getting this on my lips, I have been religiously using gentlier stuff and now I just feel hopeless than ever because I could barely see any improvement.",1749030749.0,1,1,t2_79tz335j,emerald510,https://www.reddit.com/user/emerald510
1l31gs6,/r/SkincareAddiction/comments/1l31gs6/product_request_does_anyone_have_recommendations/,,1749030501.0,2,1,t2_1u6sbk1b,kikivibes123,https://www.reddit.com/user/kikivibes123
1l319ng,/r/SkincareAddiction/comments/1l319ng/acne_epiduo_use_resulting_in_ringworm_on_face/,"Hi, 
Have searched everything I can to see if this has happened to anywhere else, and my GP has not been helpful about this issue in the past. I've had six months of problems with ringworm on my body, and got to the point in February where it was on my face continuously. I stopped using epiduo in December, as from there whenever I used it I would get a new ringworm colony on my face. I stopped everything on my face until the middle of April, where I started with a 3-month cause of lymecycline and began using epiduo again every 2-3 days. However, this morning I woke up with ringworm on my face again :( I thought perhaps as the benzoyl peroxide and the antibiotics I'm taking kill bacteria, it's therefore not keeping any fungus on my face 'in check' and in balance but my GP seemed unconvinced by this and I can't find anything online to suggest this! Any ideas? ",1749029700.0,0,1,t2_7b9iydfk,MezzaHugs,https://www.reddit.com/user/MezzaHugs
1l318re,/r/SkincareAddiction/comments/1l318re/acne_on_cheeks/,"Hi!! i need help for my cheek acne, well it all started randomly, then i switched up and bought cetaphil gentle cleanser. ive been using it for a month now but it doesnt look like its helping at all! im also taking probiotics gummies, cetaphil cleanser is the only skincare im using. any helpful tips and things to avoid??
( I'm only getting acnes on my cheeks )",1749029599.0,1,1,t2_fjqn47j3j,Livid-Alternative525,https://www.reddit.com/user/Livid-Alternative525
1l310lx,/r/SkincareAddiction/comments/1l310lx/acne_dark_spots_on_butt/,"Have been dealing with those for years now and wondering if anyone got tips on how to reduce the dark spots 

https://imgur.com/a/AkoyKTx",1749028680.0,1,2,t2_a6rq39gn,AmbassadorElegant873,https://www.reddit.com/user/AmbassadorElegant873
1l30h2k,/r/SkincareAddiction/comments/1l30h2k/personal_are_expensive_skincare_products_really/,"We all know K-beauty has some pretty high-end products, but do they really live up to the price tag? Or are there affordable dupes that deliver similar results?

Honestly, the most basic core of skincare is moisturizing after all. It‚Äôs important to use products with certain ingredients depending on your age or skin concerns, but you don‚Äôt always need to spend money on products with a ton of ingredients, especially if you don‚Äôt have any specific skin issues.

Personally, I‚Äôve tried both expensive products and affordable dupes. Some high-end products definitely impressed me, but I‚Äôve also found that there are budget-friendly options that work just as well, if not better. In many cases, the key is the ingredients, and you don‚Äôt need to pay for extra marketing or fancy packaging when a simpler formula does the job.

If you're looking for cost-effective beauty products, I actually recommend checking out Daiso rather than Olive Young. Olive Young is great when you're in Korea, but Daiso is a hidden gem. Most of the products there are made by the same brands you‚Äôll find in Olive Young, but they‚Äôre way more affordable and still deliver great results.

It‚Äôs all about finding what works for your skin, whether it‚Äôs a splurge or a dupe.",1749026447.0,0,4,t2_1poolxfbj0,Strange_Storage_214,https://www.reddit.com/user/Strange_Storage_214
1l30e95,/r/SkincareAddiction/comments/1l30e95/routine_help_dark_circles_after_acute_stress/,"Hellooooo!

I submitted my master thesis a few days ago (yeehaw) and now it is time to crawl out of the pit I‚Äôve been in for the past month or so.

The stress, lack of sleep, limited exercise, poor diet (stuffing cold rotisserie chicken into my face and calling it a meal) has definitely taken its toll.

I look dull. My dark circles are bad and they look like caves under my eyes. My hair‚Ä¶I actually can‚Äôt even get into it. But the point is that I‚Äôm looking rough and need to get my shit back together.

What is your advice? I started working full time the day after i submitted, so as much as my soul feels like I need to be in a medically induced coma, I can‚Äôt spend all day napping.

I‚Äôm ready to work from the inside out as well, but at the same time for maximum efficiency.

What is your Hail Mary routine advice ",1749026128.0,1,3,t2_1g2f8qs7d6,HopefulLobster8273,https://www.reddit.com/user/HopefulLobster8273
1l303qm,/r/SkincareAddiction/comments/1l303qm/acne_old_chicken_pox_scar_filler/,"Hi all, can anyone recommend good treatment for old atrophic chicken pox scars? There‚Äôs no discolouration just a few pitted scars. Thanks!",1749024891.0,1,1,t2_jtr2kzkuk,FewCartographer2895,https://www.reddit.com/user/FewCartographer2895
1l2zl50,/r/SkincareAddiction/comments/1l2zl50/antiaging_how_to_treat_mottled_skin/,"I have mottled skin on my arms / legs. Can't tell if it's from sitting next to a space heater this past winter (or perhaps even cleaning products?). However, I would say I have this year round but it's gotten worse.",1749022691.0,0,2,t2_1mbq5apuhq,nepo_babe,https://www.reddit.com/user/nepo_babe
1l2zf41,/r/SkincareAddiction/comments/1l2zf41/acne_is_tretenoin_working_well_on_my_acne/,"
I have oily skin and before covid I had a lot of acne from which liquid used to come out, I consulted a doctor and the doctor gave me some tablets and clindamycin gel. After that I used the same. The acne reduced considerably but the acne returned next year in summer. The doctor said that the reason for this was hormones imbalance and I also have dandruff in my hair, so maybe this could also be a reason.  After that I used only clidamycin. I also used benzoly peroxide for a month but I didn't see any difference. I want to get rid of my acne scars so I started tretnoin and it's been a month since I've been using it but I'm not sure if it's working properly or not.
Please help",1749021997.0,1,2,t2_1mxuu1gplc,justwannapeace_,https://www.reddit.com/user/justwannapeace_
1l2zem3,/r/SkincareAddiction/comments/1l2zem3/product_question_any_experience_with_chinese/,"I came across this 15% azelaic acid gel product on Yamibuy: [https://www.yamibuy.com/en/p/azelaic-acid-cleansing-gel/5022224651?scene=item\_search.result&amp;bu\_type=search&amp;module\_name=input&amp;index=2&amp;content=zhenxiu&amp;track=search-input-2-5022224651&amp;pg=1](https://www.yamibuy.com/en/p/azelaic-acid-cleansing-gel/5022224651?scene=item_search.result&amp;bu_type=search&amp;module_name=input&amp;index=2&amp;content=zhenxiu&amp;track=search-input-2-5022224651&amp;pg=1)

I know it says cleansing gel but it seems to be a topical gel? Does anyone know if this could be a viable alternative to Finacea (like brand name drug vs. generic drug, assuming this Zhenxiu brand is trustworthy), or are there potentially differences in inactive ingredients that would make a difference? This seems like a cheaper option and wouldn't require a prescription. I'm pretty new to skincare actives so apologies if I sound ignorant here.

Alternatively, if you have any advice on azelaic acid or products I would also appreciate that!

Thank you!!",1749021942.0,1,1,t2_12jhyylp28,stuffedbittermelon,https://www.reddit.com/user/stuffedbittermelon
1l2z940,/r/SkincareAddiction/comments/1l2z940/routine_help_how_i_apply_my_skincare_for_best/,"Over the years, I‚Äôve learned a few tricks to make sure my skincare routine actually works. Here‚Äôs what‚Äôs been helping me get the most out of my products:

1. Light to Heavy, Water to Oil Start with the lightest, most watery products (like toners or serums) and finish with the heaviest (like oils or creams). This way, everything absorbs better and doesn‚Äôt sit on top of your skin.
2. Let Each Product Absorb After applying each product, gently tap your skin with your fingertips to help it sink in. Don‚Äôt rush, give it a minute or so before moving to the next step.
3. Clean Hands, Always I make sure to wash my hands before applying anything to my face. It sounds simple, but it keeps my skincare clean and free from bacteria.
4. Prep Your Skin with a Water Mask Before putting on any products, I‚Äôll do a quick just water mask. It‚Äôs super easy, just soak a cotton pad with soft water (not regular tap water) and leave it on your skin for about 5-10 minutes. It helps my skin get ready for everything else and gives my products a better chance to work.
5. Switch It Up With the Seasons I don‚Äôt use the same products year-round. In winter, I go for thicker creams and richer moisturizers. In summer, I opt for lighter, gel-based products to avoid clogging my pores.
6. Apply Right After Washing Right after I wash my face, I get to my skincare routine fast. My skin‚Äôs still a little damp, which helps the products soak in better and work more effectively.

Hope this helps! It‚Äôs all about layering and making sure your skin‚Äôs prepped and ready to absorb. Let me know if you‚Äôve tried any of these tips!",1749021326.0,3,1,t2_e41dfr0o,Yoongteol,https://www.reddit.com/user/Yoongteol
1l2yuwz,/r/SkincareAddiction/comments/1l2yuwz/acne_suddenly_getting_pimples_everyday/,"i usually don‚Äôt get pimples except for maybe 2-3 during my period. for the last 2 weeks, i‚Äôve been getting a new pimple or 2 everyday. i even got a small one on my lip (it‚Äôs definitely not a cold sore).

i have no idea what‚Äôs happening, i changed my bed sheets and pillowcases, changed my towels, and everything.

my current skincare routine:
AM: cosrx low ph goodmorning cleanser, cosrx hyaluronic acid intensive cream, supergoop unseen sunscreen.

PM: tatcha camellia oil, garnier miceller water, cetaphil gentle skin cleanser (fragrance-free), cosrx AHA/BHA clarifying toner, the ordinary hyaluronic acid, cosrx hyaluronic acid intensive cream, the body shop tea tree oil, inkey list caffeine eye cream.

i have been using all these products for months and have only been breaking out in these last 2 weeks. i‚Äôm so insecure and feel like crying when i look at myself. 

",1749019787.0,3,5,t2_9s7gfp6i2,BlobFishes0,https://www.reddit.com/user/BlobFishes0
1l2yq7x,/r/SkincareAddiction/comments/1l2yq7x/product_request_fungal_acne_retinaltretinoin/,"hii!! does anyone know any really good retinal/ tretinoin products which are fungal acne safe?

i've been using the cerave resurfacing retinol serum for a couple years now and i really want something that's higher strength. but im finding that a lot of the popular ones seem to not be FA safe

i know differin is, but unfortunately where i live you cant easily get this product. 

i‚Äôd appreciate any help, thank you!!",1749019260.0,3,9,t2_1hjzk7p6o4,lesbellesvues,https://www.reddit.com/user/lesbellesvues
1l2yc2k,/r/SkincareAddiction/comments/1l2yc2k/acne_help_with_acneacne_scarring_issue/,"Hi, I‚Äôve had pretty bad acne and acne scarring for about 8 years, mostly near my eyes where my forehead and cheeks meet up for years.

A few years back someone recommended these products to use, third pic is mostly PM routine and the pic after is mostly what I use in the AM. Although I‚Äôve noticed somewhat of a change all over my face through the years using these, the acne at the bottom rarely goes away and not to mention the scarring near the top (excuse the terrible pics for it)

Any recommendations on how to fully clear it out? Is surgery the only real method of clearing out the scarring? Any help is appreciated, thanks!",1749017704.0,1,4,t2_hnjt7x9p,Fit_Amoeba_6380,https://www.reddit.com/user/Fit_Amoeba_6380
1l2y62c,/r/SkincareAddiction/comments/1l2y62c/how_to_get_rid_of_dirt_accumulation_on_body_due/,"title basically. i've had a rough couple of years bc of depression and so apart from a daily light shower, i never really take care of my skin at all. i've noticed that if i scratch the back of my neck right after a warm shower, i accumulate a lot of dark brown/grey rough (?) under my finger nails. it's gotten really bad that you can see it in pictures and i'm not in a position where i can visit a dermatologist/seek professional help. sorry this is a bit tmi/gross but im really hoping to improve my hygiene and mental health.

any help is truly appreciated!",1749017078.0,16,16,t2_1qrruk7av5,Additional-List-8394,https://www.reddit.com/user/Additional-List-8394
1l2xhww,/r/SkincareAddiction/comments/1l2xhww/misc_flattened_scar_but_texture_remains/,"I developed a hypertrophic scar (about 2.5 cm) from when I was 15.

Three years later, I started microneedling treatments on the scar. It helped a little, but since the scar was still raised, results were minimal. I then tried Pico laser, and eventually got a steroid injection that flattened the scar but the texture is still noticeable.

My doctor recently suggested trying microneedling again now that it‚Äôs flat, and said I might see better results this time.

I‚Äôm wondering if anyone has had success with healing or fading hypertrophic scars and making them less visible? I‚Äôd really love to hear your stories or see before-and-after photos if you‚Äôre comfortable sharing.
",1749014496.0,2,2,t2_1p4igfbcfz,BellJarEcho,https://www.reddit.com/user/BellJarEcho
1l2xe04,/r/SkincareAddiction/comments/1l2xe04/product_question_azelaic_acid_and_facial_hair/,"I added azelaic acid to my routine to combat the dark areas appearing on my face thanks to HRT ugh. It worked on lightening them but, a month of use later, I realized I had a TON of fine but dark hair growth on the sides of my face and even going down to my neck, on my face near my under eyes, and also my upper lip! (These are all places I now have dark spots/darkening skin).

Does AA cause hair growth because I‚Äôve never had hair in these places except very fine hair on my upper lip. I finally broke down and order a facial shaver because I couldn‚Äôt deal with how hairy my face was!

I stopped using it once I made the connection and so far the upper cheek, side of face and neck hair hasn‚Äôt grown back so it appears the AA was at fault but I can‚Äôt find anyone else having this experience and now I need to find another dark area lightning product. Help!",1749014097.0,3,4,t2_58ucskor,threeparrots,https://www.reddit.com/user/threeparrots
1l2x53a,/r/SkincareAddiction/comments/1l2x53a/never_used_retinoids_is_this_a_good_idea_for_my/,"Hi! I am not big into skincare but lately I've been very bothered by ""chicken skin"" under my eyes (thin skin making my oil glands more visible). After doing some research I've concluded that I should start focusing more on sun protection in that area, but since I've had this for as long as I can remember and it is pretty significant I figured trying out an eye cream for it might also help. I heard a lot of good things about the Beauty of Joseon Revive Eye Serum with retinaldehyde. The thing is, I've never used any kind of retinoids and I have heard some bad experiences people have had with this cream and retinal in general. I'm pretty sure I have dry to normal skin if that helps. I wouldn't say I have sensitive skin, but I also haven't experimented much so it's hard for me to say with certainty that specific types of products won't affect me badly. I have had moderate problems with dry eyes when I used to live in a dry climate for school, but as of now I haven't had issues with that for a long time.

My main question is, would you recommend I try out the BOJ serum, or does it seem like a bad idea for me as a newbie? If you have them I'd also appreciate any alternative/additional suggestions! Thank youu",1749013239.0,1,2,t2_f9zsm3hg,SubstanceNo902,https://www.reddit.com/user/SubstanceNo902
1l2wtvz,/r/SkincareAddiction/comments/1l2wtvz/misc_how_to_keep_my_face_looking_tired_aka_how_i/,"i am obsessed with the way i look when i first wake up. aka, the tired look. my face is puffy, my lips r puffy and bigger, my eyes look more unfocused, my skin just looks glowy, such a weird way to describe myself i am not good with detail but i just love the way it looks. how do i, if possible, keep my face looking like this the whole day? i understand if it‚Äôs not possible because it‚Äôs most likely a result from me waking up from rest, but if it‚Äôs possible how can i achieve it?",1749012132.0,1,2,t2_1cwxanv2f9,wh1tef3rrari,https://www.reddit.com/user/wh1tef3rrari
1l2wiso,/r/SkincareAddiction/comments/1l2wiso/skinmedica_tns_or_anteage_md_biosome_system/,"I am looking to invest in a really great Peptide product. The Anteage system was suggested to me by someone I know who works in injectables but the TNS seems to keep popping up as a fan favorite. I am splurging so price doesn't matter in this particular case. Which would you pick? Or do you have another amazing suggestion that you think beats both out? So many options out here and I am going crazy. If it helps I have sensitive/combo and (sometimes) acne prone skin. I am 33 years old.

",1749011051.0,1,1,t2_8m2aw6zf,Paddingtonbear39,https://www.reddit.com/user/Paddingtonbear39
1l2wfsc,/r/SkincareAddiction/comments/1l2wfsc/diy_topicals_after_microneedling_cause_burning/,"i did some microneedling session for my scalp a like i do once a month for a year now ( at 1.2MM)  
then for the first time i thought about adding green tea (with boiled water who turn cold after a few hours) to the scalp around 2 hours later  
then suddenly my scalp started burning like crazy like 1-2 minutes after i applied the green tea !  
it never happened and i never experience any sort of pain or stinging or burning sensation like that from microneedling.  
what could it be that caused it ?  
",1749010764.0,1,2,t2_d95u51kqy,shinetoday4827,https://www.reddit.com/user/shinetoday4827
1l2wakl,/r/SkincareAddiction/comments/1l2wakl/routine_help/,"I‚Äôve always dealt with acne growing up and into my young adult years. I‚Äôve noticed that I also have clogged pores, so I‚Äôm trying to see if I can fix it with my skincare before resorting to estheticians/dermatologists.

This is where I‚Äôd like your help. These are the products I use 2x a day *posted in comments since I can‚Äôt seem to add a picture* (sunscreen and oil cleanser not included with the picture but I use naturium and DHC). Is my routine a) going to clean out my clogged pores and b) too many actives together? Is it normal to see purging? I‚Äôve been using it for 4 days now and have noticed more breakouts than normal.

Give me all your advice/recs!",1749010249.0,1,2,t2_9g9sw0hs,Odd-Attention-2405,https://www.reddit.com/user/Odd-Attention-2405
1l2w24p,/r/SkincareAddiction/comments/1l2w24p/sun_care_first_trip_abroad_as_an_adult_who_never/,"Hi! I‚Äôm a mid-30sF who doesn‚Äôt really use sunscreen, but wants to. I‚Äôm travelling to the EU in a few weeks and my ghostly pale skin is going to be so unprepared for the warm weather there compared to where I live! I sometimes use the Neutrogena Hydroboost SPF 25, or the La Roche-Posay tinted (not sure of exact name, it‚Äôs a few years old though and too dark/heavy/greasy for me). I‚Äôm super pale and so stressed I‚Äôm going to burn! Sensitive, acne-prone skin on face and d√©colletage, have KP on arms and little bit on upper thighs. Other than that, I‚Äôm down to try anything! I would be so grateful for any suggestions.",1749009486.0,0,5,t2_fw6q8rru,ohmanijustdunno,https://www.reddit.com/user/ohmanijustdunno
1l2vwao,/r/SkincareAddiction/comments/1l2vwao/damaged_barrier_need_help_acne_routine_help/,"Hi Everyone! 27F for reference. I have always had problematic skin; eczema (mostly around eyes), acne, hyperpigmentation, and sensitivity, but in the past few months my skin has been at its absolute worst.

I have been dealing with increased breakouts, incredibly dry and textured skin and increased product sensitivity.

Does it look like I may be dealing with a damaged barrier? Or could it be something else?

I have greatly reduced the amount of actives in my routine and have been adding in moisture using skinceuticals B5 gel, HA, sheet masks, and a gentle barrier cream. Unfortunately nothing seems to help.

Any advice would be greatly appreciated! Thank you :)",1749008935.0,2,3,t2_t22ziqs0,Acceptable-Level-861,https://www.reddit.com/user/Acceptable-Level-861
1l2vtsc,/r/SkincareAddiction/comments/1l2vtsc/misc_stye_help_urgent/,my prom is tomorrow and I just got a stye. it's red swollen and I can see the head. how to get rid of it!!!! please help,1749008699.0,0,2,t2_ryz5zgei3,First_Campaign_8134,https://www.reddit.com/user/First_Campaign_8134
1l2vaeq,/r/SkincareAddiction/comments/1l2vaeq/acne_why_does_moisturizer_make_it_worse/,"i have sensitive skin and have finally developed a skincare routine that, for the most part, works for me. my skin is at least a lot better than it‚Äôs ever been, so i haven‚Äôt dared to change it. there‚Äôs one problem though - my skin is def dehydrated. fine lines have been bugging me to no end lately and i assume they‚Äôd soften at least a little if my skin was more hydrated, but i can‚Äôt figure out how to do that without exacerbating my acne.

i use the cerave turquoise face wash for oily skin, benzoyl peroxide wash, and differin. i‚Äôve tried to use moisturizers but i honestly feel like they make me break out worse no matter what brand or type. i tend to trust cerave more than other brands and have on and off tried the daily moisturizing lotion from them but ive ultimately found that im better off without it. it seems to make my skin more oily.

unfortunately, although my face is pretty clear acne wise, its (obviously) dry and still not ideal because of that. 

as i‚Äôm looking at the cerave moisturizer, im realizing that it says for normal to dry skin. to be honest, i have never known what my skin is, because it seems to be both at the same time somehow, so i guess combination? 

is there a different cerave moisturizer i should be trying? any advice is greatly appreciated ",1749006899.0,1,11,t2_aqq4z748f,ShesSpeakingNow,https://www.reddit.com/user/ShesSpeakingNow
1l2v9ds,/r/SkincareAddiction/comments/1l2v9ds/routine_help_best_productsroutine_for_super/,"I'm looking for a (hopefully not too complicated) routine to get rid of my acne and keep my face hydrated throughout the day.

I have very sensitive and dry skin that flakes around my cheeks and nose. I've never found an acne treatment/moisturizer combo that hasn't burned my skin when applying. Usually cleansers don't hurt me though.

Right now I'm using Proactiv+ 3 step routine. (Smoothing BHA Cleanser, Pore Targeting Treatment, and Complexion Perfecting Hydrator). The last 2 steps burn, but I just fan air at my face til the burn goes away. ^^;

Also my face goes back to being flaky and dry like an hour later.

I've heard about using oils to like fix your skin barrier or something, but I don't really know about all that, which is why I'm here. I want a routine to get rid of the acne and keep my face moisturized, without burning me.",1749006808.0,4,12,t2_uptyyesf,Dumpling-bunn,https://www.reddit.com/user/Dumpling-bunn
1l2v4dt,/r/SkincareAddiction/comments/1l2v4dt/antiaging_is_there_a_way_to_get_rid_of_a_deep/,"It used to only appear when I was outdoors in the sun, (squinting) but now I see it constantly. It's become a massive insecurity because I'm only 20 and I already have enough problems with premature aging (been going grey since I was 14). ",1749006364.0,1,6,t2_245m75py,ChocolateCake16,https://www.reddit.com/user/ChocolateCake16
1l2v2dl,/r/SkincareAddiction/comments/1l2v2dl/body_acne_help_needed_acne/,"I‚Äôve always had chest acne but it‚Äôs gotten so much worse over the past few months. I‚Äôm really not sure what to do! I have been using the Clinique clarifying lotion and triamcinoline acetonide on the affected area and haven‚Äôt seen any improvement. Any tips, tricks, or advice very much welcome- I‚Äôm at a loss here lol",1749006187.0,1,2,t2_69jbz2ih,callofthewildflowers,https://www.reddit.com/user/callofthewildflowers
1l2uxwr,/r/SkincareAddiction/comments/1l2uxwr/acne_im_desperate/,"(makeup in the first picture) i cannot find a solution to these small bumps. my main thought is that this is fungal acne, i have tried head and shoulders and have it a good chance, it persists. my current routine is rotating between panoxyl and the dove bar as they are both gentle on my sensitive skin. i use the cerevae moisturizing cream daily, then the ointment as needed for dry patches. i have combination skin. could these products be causing this? i feel lost when it comes to skin care and have had these issues for a long time. thanks in advance ",1749005806.0,5,13,t2_c034r8vm,Unhappy-Arugula-2056,https://www.reddit.com/user/Unhappy-Arugula-2056
1l2uxhb,/r/SkincareAddiction/comments/1l2uxhb/product_question_28m_after_skincare_i_am_still_a/,"I don‚Äôt have any acne but still i am super oily. Please suggest me what should i do for for my current routine my routine looks like - AM Cera Ve foaming cleanser One thing 10% niacinamide toner Cosrx ultra light oil free moisturising lotion BOJ Aqua fresh sunscreen

PM Anua heartleaf oil cleanser Cosrx low ph morning gel cleanser Dokdo 1025 toner One thing 10% niacinamide toner Cosrx advanced snail mucin essence Cosrx ultra light oil free moisturising lotion

On weekends i do clay mask with innisfree volcanic pore cleansing face mask and i add skin1005 poremising ampoule in mh skin care routine after toner. I still wake up oily in the morning.",1749005768.0,1,3,t2_bm4ok7ae,Mohit3667,https://www.reddit.com/user/Mohit3667
1l2uxcq,/r/SkincareAddiction/comments/1l2uxcq/forehead_bumps_product_request/,"How can I reduce the appearance of the dots on my forehead? Are they blocked pores? My forehead has only recently started looking like this :( it is only on my forehead too, not the rest of my face. I have normal to dry skin, but it is incredibly acne prone. please help üôè

My routine is: AM - wash with water only, otherwise my skin gets irritated 
Fig.1 Vitamin C15% Treatment
 Bioderma Soothing Anti-Redness Cream Sunscreen

PM - cleanse Bioderma Sensibio Gel Moussant 
Go-To Skincare Face Hero Oil (sometimes also in AM if my skin is feeling dry) 
Bioderma Soothing Anti-Redness Cream",1749005757.0,1,1,t2_k1iiqs5ds,WorkingReturn8231,https://www.reddit.com/user/WorkingReturn8231
1l2uuty,/r/SkincareAddiction/comments/1l2uuty/acne_has_anyone_else_had_issues_with_this/,"I recently started my skincare routine, using only a moisturizer, cleanser, and tretinoin. The moisturizer and cleanser are both from La Roche-Posay and are formulated for sensitive, oily skin. All three products were recommended by my dermatologist, while I chose the sunscreen myself. I have very sensitive, oily skin. Over the past month, my forehead has broken out, even though nothing in my daily routine has changed. The sunscreen is the only thing I can think of that might be causing it.",1749005536.0,1,4,t2_6u18w,moodycheerleader,https://www.reddit.com/user/moodycheerleader
1l2uukb,/r/SkincareAddiction/comments/1l2uukb/acne_differin_to_tretinoin_advice_needed/,"it‚Äôs taken me forever to find a mix of products that have kept my acne mostly at bay, including benzoyl peroxide wash, differin, and spironolactone. i‚Äôm starting to develop some fine lines that are really bugging me so i‚Äôm thinking about switching to tretinoin but nervous that it‚Äôll make my skin freak out. i‚Äôm stuck between leaving my routine how it is to play it safe and taking the risk to try tretinoin. i was told differin should help with lines as a side benefit but i def do not see it working for that at all. 

what should my next step be if i do try to switch? ",1749005511.0,2,6,t2_aqq4z748f,ShesSpeakingNow,https://www.reddit.com/user/ShesSpeakingNow
1l2urfw,/r/SkincareAddiction/comments/1l2urfw/routine_help_28m_combination_skin/,"Hi 28M here. 1 week into skin care routine and these are the problems that I want to tackle. Redness left behind by acne. Blind pimples that I‚Äôm getting on my cheeks. Dry flaking skin only around the naris area of the nose. 

I suspect that I have combination skin with dry u zone and oily t zones. 

Could you guys check my routine as I kind of took some products from my girlfriend‚Äôs routine while adding some that I have researched. I need a recommendation for spot treatments as well. I have product preferences that can be found in common drug store and I‚Äôm based in SE Asia. 


AM Routine
Cleanser: Cerave Hydrating Foaming Cleanser
Toner: THE LAB by blanc doux - Oligo Hyaluronic Acid Deep Toner 
Serum: Simple Booster Serum 10% Niacinamide (Entire Face)
Moisturiser: belif The True Cream - Moisturizing Bomb
Sunscreen: Biore UV Aqua Rich

PM Routine
Cleanser: Cerave Hydrating Foaming Cleanser
Toner: THE LAB by blanc doux - Oligo Hyaluronic Acid Deep Toner 
Spot Treatment: ? 
Serum: Simple Booster Serum 10% Niacinamide (T-Zone), Est√©e Lauder Advanced Night Repair (U-Zone)
Moisturiser: belif The True Cream - Moisturizing Bomb


",1749005250.0,0,4,t2_qw694,JINNGANGS,https://www.reddit.com/user/JINNGANGS
1l2ujfh,/r/SkincareAddiction/comments/1l2ujfh/acne_what_actually_works_for_hypertrophic_acne/,"I have had raised hypertrophic acne scars on my chin since the 5th grade. I dealt with severe cystic acne from a very young age and had to go on accutane 3 different times to finally get it to kick the bucket. Unfortunately, I can never forget the years of suffering because of the scars that have been left on my chin. :(

Here is what I have tried for the raised scars:

1. Few treatments of steroid injections (no result)
2. Silicone Gel (no result)
3. 5 years of consistent microneedling sessions (no result)
4. Multiple sessions of the Tixel laser (no result)

What am I missing here? I need some guidance!!

FYI - I did manage to get rid of the hair growth on my face with laser hair removal so that is something at least, lol",1749004563.0,6,3,t2_hv4n6wek,SchmackAttack,https://www.reddit.com/user/SchmackAttack
1l2ufum,/r/SkincareAddiction/comments/1l2ufum/routine_help/,"so I‚Äôve been using the panoxyl salicylic acid for the last couple months - love it. I just picked up the panoxyl benzoyl peroxide wash (used it before years ago and loved it, just stopped buying it lol), and the ordinary azelaic acid suspension 10%. I also use the la roche posay foaming cleanser for normal to oily skin as my normal cleanser &amp; neutrogena hydro boost water gel moisturizer (also neutrogena hydro boost spf in the morning since I‚Äôve had skin cancer already lol) Im just a little confused on the order I should be using these lol. I‚Äôm assuming it‚Äôs something like - normal cleanser, benzoyl peroxide (only using it twice a week), salicylic acid, azelaic acid, then the hydro boost moisturizer? Or do I use the azelaic acid as a moisturizer? I forgot to ask my derm what order they should go in lol",1749004252.0,2,1,t2_7j9sx2gb,mantisisland,https://www.reddit.com/user/mantisisland
1l2ue0p,/r/SkincareAddiction/comments/1l2ue0p/routine_help_help_what_do_i_do_im_confused/,"I am a dirty gremlin who doesn't do self care barely at all. i've been trying to do better this year in general, especially because i have eczema and acne scars on my face

But I don't know what to do. i bought soap (can't recall the brand), Aveeno baby lotion, Good molecules hydrating serum, and Banana boat SPF 30 sunscreen. so far for this week i've washed my face, applied lotion, and then put on my serum, i just recently on the sunscreen, and so far i haven't seen a difference

What do i do? am i supposed to apply certain things first? how much of everything do i use? are these products even helpful for my dry, eczema covered face? When do I apply the sunscreen?? am I missing anything? help...",1749004092.0,1,5,t2_1idqowo64n,The_Thunderdome420,https://www.reddit.com/user/The_Thunderdome420
1l2u9mo,/r/SkincareAddiction/comments/1l2u9mo/routine_help_how_can_i_improve_my_skin_what/,,1749003718.0,1,2,t2_11g6ycwe99,h0use0fsugar,https://www.reddit.com/user/h0use0fsugar
1l2txun,/r/SkincareAddiction/comments/1l2txun/acne_does_anyone_know_what_happened_to_my_skin/,"1st photo is my skin a few weeks ago, 2nd photo is my skin now. I stopped using like everything in my routine that i thought was causing this, and then my skin got WORSE‚Ä¶

I have Oily dehydrated skin for reference.

My old skincare routine:
 
1. SA cleanser - (replaced with gentle cleanser)
2. Vitamin C Serum - (stopped using)
3. Azelaic Acid Serum - (stopped using)
4. Centella Ampoule - (stopped using)
5. Ceramide moisturizer 
6. Chemical Sunscreen - (stopped using)

Literally what happened to my skin?? It got so much worse even after i stopped using things on my skin‚Ä¶ Is this a reaction to something or will my skin get better after i stopped using all the actives? 

SOMEONE PLZ LMK HOW TO FIX THIS",1749002728.0,1,1,t2_nv7v4rij,Rinnessecret,https://www.reddit.com/user/Rinnessecret
1l2tmga,/r/SkincareAddiction/comments/1l2tmga/routine_help_round_lab_mugwort_vs_dokdo_cleanser/,"My beloved discontinued cleanser is no longer available on any websites, so I'm looking into something new. I have stumbled across these two and am considering between the two. My current routine consists of Essano Rosehip Cleanser (the old version), Skin1004 Centella Brightening Toner, and Tatcha Water Cream.   
I'm honestly not sure of my skin type; I break out from stress (assumably), dehydration &amp; genetics. These breakouts get super dry, but I tend to have really oily skin?? I also reach for sensitive cleansers but both of these are.

Any suggestions on which of the two? :)",1749001771.0,1,1,t2_kao0ir9rf,Inevitable-Pop-3724,https://www.reddit.com/user/Inevitable-Pop-3724
1l2tgd7,/r/SkincareAddiction/comments/1l2tgd7/product_question_25f_caudalie_premier_cru_the/,"I have pretty good skin for 25F, but bought this serum to help with hydrating my dryness. I know the main aim of the serum is anti-aging so I‚Äôm just checking to see if it is still appropriate for me. ",1749001260.0,1,1,t2_2693er7,UnimelbEnthusiast,https://www.reddit.com/user/UnimelbEnthusiast
1l2sm4n,/r/SkincareAddiction/comments/1l2sm4n/routine_help_looking_to_make_a_routine_with_these/,"yes yes i know..cerave.. i got my advice from tiktok a while back and i dont wanna just throw my products away

CERA: acne control cleaner and hydrating facial:

GOOD MOLECULES: toner and correction serum

[apologies for the blurry photo...i have no access to a phone rn so i rely on my webcam for photos :''\)](https://preview.redd.it/utpa4g697t4f1.png?width=758&amp;format=png&amp;auto=webp&amp;s=7a9b344dc6fe4d2d6a8d384c526c07100eb56b36)",1748998762.0,1,5,t2_vmox60dl,Fluid-Economics328,https://www.reddit.com/user/Fluid-Economics328
1l2sgn8,/r/SkincareAddiction/comments/1l2sgn8/routine_help_how_to_fix_redness_when_it_isnt/,"Hi. I recently went to my dermatologist for my acne, and asked him about the redness on my face. I thought it was rosacea, but he said it didn‚Äôt really look like it. I‚Äôve been using Azelaic acid 15% for a few years now, and it hasn‚Äôt done anything to help. What do I do?
(P.S. Any other advice for my skin is also helpful!)",1748998299.0,1,4,t2_rokyvpicg,Strong_View_8108,https://www.reddit.com/user/Strong_View_8108
1l2sgn7,/r/SkincareAddiction/comments/1l2sgn7/allergic_to_all_types_of_sunscreen_routine_help/,"Hello Skincare fanatics! As the title says, I am allergic to ALL types of sunscreen. Before you ask, yes, I have literally tried them all. Every summer since I was an infant (I am now 23), I have been lathered up with every sunscreen under the sun. This includes mineral sunscreen, all natural, plant based, cheap, expensive, you name it. Hundreds of dollars have been wasted trying to find something. Every time I THINK I have found the solution, my body builds up a resistance to it and I break out into hives, get a fever, and have severe breakouts. I have been just using Sun Bum and calling it a day, but thanks to my track record I have a reaction to it.  Luckily, I do not burn easily and have always had a darker complexion, but as I get older I worry about skin cancer, especially since I live for the sun. I desperately want to wear sunscreen, I just am at a loss for what to do. My dermatologist doesn't even know what to do. Does anyone have the same problem? Or does anyone have any recommendations? I just tried SuperGoop face sunscreen but have an itchy rash after only wearing it twice. I could use all of the help I can get!",1748998299.0,0,9,t2_kcktekoqy,Constant_Orange6238,https://www.reddit.com/user/Constant_Orange6238
1l2sg01,/r/SkincareAddiction/comments/1l2sg01/sun_care_do_you_guys_wear_moisturiser_before/,,1748998242.0,2,6,t2_f6vo7rsk,BabyGirl_Jade,https://www.reddit.com/user/BabyGirl_Jade
1l2scxh,/r/SkincareAddiction/comments/1l2scxh/acne_how_can_i_help_my_teen_with_their_skincare/,"My teen has these tiny pimples on their forehead and cheeks. Nothing we have tried works. 

Their skin can be pretty oily. 

I have a very different skin type so I am not a loss. 

Any suggestions?",1748997978.0,2,2,t2_qibc39xc,No_Animator2857,https://www.reddit.com/user/No_Animator2857
1l2sc6g,/r/SkincareAddiction/comments/1l2sc6g/product_request_help_w_red_marks_on_cheek_and/,"I‚Äôve had these red marks on my cheeks for¬†years¬†(maybe broken capillaries?) and bumps/sebaceous filaments on my chin that never go away (see pictures).¬†¬†i kinda ignored it but recently had an epiphany and now i‚Äôm fully fixated on improving my looks, starting with my skin.

I use some Beauty of Joseon stuff (Green Plum Refreshing Cleanser, Ginseng Essence Water, Light On Serum : Centella + Vita C, Dynasty Cream, AND Revive Eye Serum : Ginseng + Retinal OR Daily Relief Sunscreen depending on time of day) and have a bit of a routine, but i‚Äôm bad at being consistent. If you‚Äôve dealt with this or have tips/products that actually helped, PLEASE lmk.",1748997914.0,1,3,t2_eoeamtt0,080shake,https://www.reddit.com/user/080shake
1l2sat0,/r/SkincareAddiction/comments/1l2sat0/routine_help_how_can_i_improve_my_skin/,"I‚Äôm 34. Currently I use cleanser, moisturizer and sunscreen. My skin isn‚Äôt sensitive and I get oily in my t zone. Idk what kind of products would work for. Y skin.  I feel I look older than I am and I just need to find a routine that works. ",1748997801.0,1,1,t2_des4d0o6,WiseDescription3949,https://www.reddit.com/user/WiseDescription3949
1l2s5mm,/r/SkincareAddiction/comments/1l2s5mm/routine_help_help_me_glow_up/,Need help figuring out how to improve my skin. Don‚Äôt have a clue what products to use or what would be best for my situation. I‚Äôve always had breakouts on my nose and they usually go away after a bit but this last breakout left two bumps on my nose and it‚Äôs been 5 months now. Would love to get rid of that. The acne on my neck usually appears every time I shave. As for the rest of my face not sure what it is but I‚Äôm guessing it‚Äôs the food I eat. Besides that I just would like to start doing skin care so I look better.,1748997364.0,6,3,t2_8o1bqy1k,Advanced_Garage8806,https://www.reddit.com/user/Advanced_Garage8806
1l2s2p7,/r/SkincareAddiction/comments/1l2s2p7/misc_im_going_to_mexico_to_get_fully_ablative_co2/,"Its going to cost less than 400$ for full face they said, Is there anything I should know that wasnt explained to you? Please any advice would be greatly appreciated

My acne scars arnt very deep just all over my face so I think full ablative will just erase everything in one go",1748997116.0,1,1,t2_vgkup3fvk,X_CAL_,https://www.reddit.com/user/X_CAL_
1l2rsh0,/r/SkincareAddiction/comments/1l2rsh0/product_request_sunscreen/,"What is the best sunscreen for oily and acne prone skin? I have closed comedones, blackheads and even cystic acne. I'm currently using ANESSA sunscreen gel and is there anything better?",1748996250.0,2,4,t2_e15400ojk,Content_Duck3296,https://www.reddit.com/user/Content_Duck3296
1l2rpc0,/r/SkincareAddiction/comments/1l2rpc0/antiaging_derma_bright_md/,Has anyone used this product? Does it work?,1748995989.0,1,1,t2_bjnruext,Responsible-Track-23,https://www.reddit.com/user/Responsible-Track-23
1l2rlp7,/r/SkincareAddiction/comments/1l2rlp7/is_niacinamide_causing_my_breakouts_or_is_it_my/,"background: 17F. Had a severe acne breakout last year that lasted for months, left behind lots of hyperpigmentation. few pimples eurpt once in a while.

 I recently bought The Ordinary's 10% niacinamide + 1% zinc after reading about how good it was  online. I have been using it for less than a week. I apply a few drops every morning and night after cleansing with Cetaphil, and sunscreen is the only other product that goes onto my face after niacinamide. Before using the product, my skin was acne free, only slightly bumpy and had many acne hypermigmentation all over (as usual). A few days after using it, my skin started breaking out. it's the worst state my skin has been this year. My only previous experience with niacinamide in any form is from the Simple Light Moisturiser, which has 1% niacinamide. I only used that daily in the mornings. 

my lifestyle could partly be blamed for this though. I live alone. I consistently sleep past midnight, eat lots of junk food and have inconsistent eating habits (im trying to fix them I PROMISE.)

so, could the niacinamide be causing my breakouts or is it my lifestyle (or both)? when should i stop using the product?",1748995686.0,2,11,t2_1b6cldg1ep,randomcowonafield,https://www.reddit.com/user/randomcowonafield
1l2rfaw,/r/SkincareAddiction/comments/1l2rfaw/acne_hyperpigmentation_and_acne_problem/,"Hi, I used to be clear skin when I was a teenager, a few pimples here and there but when I turned 20 last year Feb 2024 this started, marks stayed. I use salicylic acid to control my acne. It‚Äôs worse when I don‚Äôt use the product that I use. I tried skinoren azelaic acid cream and The Ordinary Niacinamide, I ended up purging so I stopped using them. I use neutrogena as my facial wash and after I take a bath, I use eskinol as my toner then I put salicylic acid serum and whitening cream so somehow my dark spots fade.

Any tips or products that I can use to lessen my acne and fade my dark spots? This has been lowering my self confidence and I want to get rid of them. ",1748995182.0,1,2,t2_1m17i6gb6a,SolidShape5231,https://www.reddit.com/user/SolidShape5231
1l2r73t,/r/SkincareAddiction/comments/1l2r73t/routine_help_combination_acne_prone_and/,"**English is not my first language, sorry not sorry.**  Just like I said, my skin is trash, I have been to the dermatologist, but they just gimme the products that they work with ($$). I was an oily-skinned girl, but I committed two crimes: 

*1- I use a ""korean"" cream that fucked my skin so badly that i have to wash my face with the most gentle thing.*

*2- I didn't learn my lesson, so two months later I washed my face with a salicylic acid cleanser.*

I also take medicine that makes my skin very dry, and it's winter here.  
My skin is DAMAGED, but the good dermatologists are hard to find.

I need product recommendations, I'm from Argentina, so there are products that I may not find, but it's okay. I can buy Korean skincare for yesstyle (some people say it's good).",1748994535.0,1,3,t2_bvma6mwr,uwuuwuu00,https://www.reddit.com/user/uwuuwuu00
1l2r1ko,/r/SkincareAddiction/comments/1l2r1ko/antiaging_very_fragile_skin/,"Okay reddit, I'm hoping someone can tell me what's going on with my skin. I've noticed recently that whenever I step out of the shower my face is VERY red, which has never happened before, I've always taken hot showers literally since i was a kid, but switched now to warmer and even cold showers, doesnt seem to help much. However, there is a fine line on my left side (most likely because i've been sleeping on my left side my entire life. the first picture is what is (kind of) looks like normally, the sceond picture is after holding a smile for just 5 seconds. the skin is very red. like very very red, and looks irritated but doesnt very feel any different. Anyone know whats going on? :) (I also havent been drinking a lot of water)",1748994097.0,4,7,t2_z4lr9hcul,bulgarianyogurts,https://www.reddit.com/user/bulgarianyogurts
1l2r1he,/r/SkincareAddiction/comments/1l2r1he/misc_is_there_any_way_to_remove_moles_at_home/,"Hey! I know you should never remove them at home, but has anyone had success with methods or knows any that has worked any how to do them? I have just got a few small, regular, never changing moles that bother me and I was wondering if there was any way to remove them other than cosmetic surgery?",1748994091.0,1,3,t2_12eewdnbqk,Pretty_Equipment3324,https://www.reddit.com/user/Pretty_Equipment3324
1l2qwdp,/r/SkincareAddiction/comments/1l2qwdp/beforeafter_ba_selfie/,"From damaged skin barrier and the need to constantly pick on my skin to this ü•π
What I did was I just stayed on a skincare set and trusted the process and soaked my skin with moisturizer, niacinamide and hyaluronic acid!

The skincare set I am using is a brand from the Philippines-&gt; Dr Alvin rejuvenating set I know rejuvenating sets are often frowned upon but it works for me! I first started with a month with the rejuvenating set and I am not on the maintenance set. I think this set contains retinol or tretinoin I am not exactly sure üòÇ

Here‚Äôs my routine:

Dr Alvin soap 
Dr Alvin toner 
Cosrx Niacinamide 15 
The Organic Pharmacy Hyaluronic acid
Aveeno calm and restore moisturizer 
Dr Alvin maintenance cream 
Aveeno moisturizer again
BOJ eye serum (not sure if it's working Imao)

I recently moved here in the UK and was trying to find another skincare brand I could easily buy here since I am using a Filo brand which isn't really available, so I tried to use beauty of josen (ginseng toner, glow deep serum, revive serum) and omygod after a few days I started getting tiny red bumps so I was like nope, don't fix what isn't broken, I guess I am forever staying with the routine I am in ü•π

Anyways I really love the cosrx niacinamide and how effective it is with diminishing dark spots and hyperpigmentation! Due to the small bumps I gained from BOJ I realised I still was not able to get rid of my habit of picking on my skin and made the small bumps worse but after 4 days or so they all disappeared eventually.

The Organic Pharmacy Hyaluronic is also so nice and is easily absorbed by my skin! It's got a very watery consistency and makes my skin very plump and bouncy, kind of like a soft boiled egg hahaha


Also during the morning I only use BOJ sunscreen!


As a person with oily skin, I really thought I should stay away from moisturizing my skin too much but the moment I tried it, it saved my skin soooo much.

So pls pls pls, soak ur skin with moisture and your skin will thank you in the long run!

Hope this guide helps!

xx
",1748993686.0,19,2,t2_hq3jyipn1,greenteachamomile,https://www.reddit.com/user/greenteachamomile
1l2qudu,/r/SkincareAddiction/comments/1l2qudu/acne_small_white_pustules_keep_popping_up/,"Overview- new small white pustules keep popping up all over face and go away quickly

Acne history- did accutane at 16 and then had perfect skin until about 23. Started breaking out here and there so decided to try adapalene gel last year for four months. Skin looked the same/a little worse so decided to stop it. Breakouts continued so I went to the derm in January. She put me on a combo of stuff including clindamyacin, Sulfacetamide and Sulfur face wash, salicylic acid face wash, and dapsone. Something caused a bad reaction so I had to take doxycycline which cleared my skin up completely. Didn‚Äôt want to be on an antibiotic long term so I stopped and tried the face wash and clindamyacin again. Didn‚Äôt work so we tried ivermectin for a month to see if it was type II rosacea which only broke me out more. Now I am back to a very simple routine but everyday I get these new small white pustules. 

Current routine:
AM- LRP Toleriane face wash, hypochloris acid spray, elta md sunscreen, non comodegenic makeup
PM- LRP Toleriane face wash, hypochloris acid spray, tower 28 moisturizer

Any idea of what could be going on? Any advice or ideas would be appreciated",1748993532.0,2,2,t2_noz7ryj1,emmallas1,https://www.reddit.com/user/emmallas1
1l2qrqo,/r/SkincareAddiction/comments/1l2qrqo/sun_care_healing_a_sunburn_or_speeding_up_peeling/,"I made a mistake this past Saturday. Was in the sun much longer than I anticipated and ended up with a very bad sunburn on my back. No burn anywhere else. My wedding is in a week and a half, 2 weeks from the sunburn date, and my wedding dress is pretty much backless. 

I am pale and no stranger to sunburn, but this is the first time I have been so concerned with the aesthetics. I don‚Äôt want to be a lizard bride, but there is no way I am escaping this burn without peeling. I think my best bet is to try to get through the peeling stage in the next 10 days. Any pro tips for moving the process along? ",1748993332.0,170,115,t2_86jz3,terrificmeow,https://www.reddit.com/user/terrificmeow
1l2qnce,/r/SkincareAddiction/comments/1l2qnce/antiaging_fine_lines_around_eyes/,Looking for advice here. Expressive face and I get wrinkles around my eyes when I smile but lately they‚Äôve been staying there. I protect my face from the sun and moisturizer multiple times a day but clearly my current products aren‚Äôt working for me. I‚Äôm in my mid twenties and hate that my makeup sinks into these expression lines so badly. Any help is greatly appreciated! TIA.,1748992990.0,4,3,t2_9dkbu3gu,liluwugirl99,https://www.reddit.com/user/liluwugirl99
1l2qn1a,/r/SkincareAddiction/comments/1l2qn1a/routine_help_using_glycolic_acid_body_wash_after/,"i‚Äôve struggled with KP on my upper arms for a while now, the glycolic acid body wash is the only thing that‚Äôs made it less bumpy. i waxed my arms for the first time last night (game changer! never shaving them again since it irritates my skin badly) and wanted to know if i can use the body wash over my arms today. google says mixed things.",1748992968.0,1,4,t2_13ak6jxyjx,Even-Editor1247,https://www.reddit.com/user/Even-Editor1247
1l2qj3y,/r/SkincareAddiction/comments/1l2qj3y/acne_infected_pimple_or_cold_sore/,I notice I have something infected probably on the side of my lip.  It doesn‚Äôt tingle or itch i noticed a few days ago. ,1748992675.0,2,6,t2_103l9k,AlClemist,https://www.reddit.com/user/AlClemist
1l2qaks,/r/SkincareAddiction/comments/1l2qaks/product_request_someone_help_me_fix_my_hands/,I‚Äôve had flaky skin on my hands on and off for a month. Before the skin would crack and break now it‚Äôs just flaky and dry looking. I had what I‚Äôm thinking is dead skin build up (grayish toned) any recommendations on what I could use? I‚Äôm using a topical steroid my Derm gave me as well. ,1748992041.0,1,3,t2_1j5udytdah,Maleficent-Camp-2222,https://www.reddit.com/user/Maleficent-Camp-2222
1l2q4bc,/r/SkincareAddiction/comments/1l2q4bc/routine_help_any_general_advice/,I usually just wash my face with cold water and use some basic store brand moisturizer every morning. Anything affordable I could add to that? I'd still like to try to keep it simple.,1748991575.0,1,4,t2_1vo04vuo,MrJediMaan,https://www.reddit.com/user/MrJediMaan
1l2put2,/r/SkincareAddiction/comments/1l2put2/product_question_random_question/,"So for my wonderful BF randomly grabbed me some Paris Hilton vitapods since a) I drink so much soda water b) they're pink c) they're pink. 

I wanted to see what you guys thought about the actual ""benefits"" since they honestly sound so good?? I'm not looking for anything ground breaking just anything that would help me glow a bit more 
",1748990871.0,2,2,t2_rzmhg92,avidexplorer14,https://www.reddit.com/user/avidexplorer14
1l2pmdm,/r/SkincareAddiction/comments/1l2pmdm/product_request_how_to_get_an_even_skintone/,"I know that freckles are inevitable but i feel like my skin as a lot of red and blue tones to it and i think its called blemishes?

How can i improve it?

Heres my routine:

Cerave acne face wash Cerave SA cleanser Toner  (idk the brand but open to suggestions) Ordinary salicylic acid Cerave acne treatment Calming moisturizer (same brand as toner but open to suggestions) Centella sunscreen

I am completely open to suggestions",1748990229.0,1,1,t2_16tp64nvot,ThatLittleCarrotCake,https://www.reddit.com/user/ThatLittleCarrotCake
1l2pi4y,/r/SkincareAddiction/comments/1l2pi4y/product_question_i_just_started_retinol_and_going/,I just started retinol and going through irritation phase. When can I get masseter Botox? Is this an issue?,1748989912.0,1,3,t2_1n2x5v810z,chey-cat,https://www.reddit.com/user/chey-cat
1l2p7d4,/r/SkincareAddiction/comments/1l2p7d4/routine_help_how_to_remove_discoloration_above/,,1748989141.0,1,2,t2_4aedm2ps,TheUnknownRangler,https://www.reddit.com/user/TheUnknownRangler
1l2p53h,/r/SkincareAddiction/comments/1l2p53h/routine_help_niacinamide_advice/,"recently got back into the swing of skincare after neglecting my skin for a while, and was just wondering if my routine is wack Imao.

i'm uk based, and using the simple skincare 10% niacinimide booster serum in combination with the cerave foaming cleanser and cerave moisturising lotion spf30. didn't realise my cleanser also has niacinamide til today!

is using the serum daily overkill? i know niacinamide is fairly stackable but i don't wanna damage my barrier cause my skin is sensitive asf üòî",1748988982.0,1,2,t2_408jsatk,grabbypincherss,https://www.reddit.com/user/grabbypincherss
1l2p1c8,/r/SkincareAddiction/comments/1l2p1c8/sunscreen_recs_sun_care_product_request/,"I'm sure everyone agrees that a 100% perfect sunscreen is one of the hardest products to find. I've gone through hundreds, possibly thousands, of dollars and tens of products looking for the right sunscreen, and I haven't found it. I'm looking for sunscreens that don't give that ""glass skin"" look (I have acne so it just makes me look greasy). I need it to double as moisturizer so I don't have to put more than one thing on my face in the morning, because that would risk pilling and ineffectiveness. And I need it to be for dry/combo skin. I'm always dry in my chin/mouth area, normal in my cheek area, and super oily in my forehead and nose area. Here are the sunscreens I've tried over the past couple years and my reviews of them:

\-La Roche Posay Toleriane Mositurizer W/ SPF 30: SOOOO greasy. So fucking greasy. Made me look so sweaty and greasy. Do not let this get near your eyes it will BURN like hell. Absolute worst sunscreen I've tried.

\-La Roche Posay Mineral/Tinted Mineral W/ SPF 50: Tinted version turns you orange, mixing them might be OK, but even with a moisturizer they make you look cakey. And they left me feeling dry.

\-EltaMD UV Clear SPF 46: Great! Only if you find a moisturizer that doesn't pill with it! Which is basically impossible. Without a moisturizer it leaves me feeling dry. Great for acne/oily prone skin and redness though. This sunscreen has pilled more than any other sunscreen I've used. Don't even think about getting the tinted version if you're pale.

\-EltaMD Post-Procedure/Recovery (SPF 40/50? I think they changed the labelling on this product): Great as a moisturizer+sunscreen! But leaves me feeling so so greasy. And makes me look sweaty asf. If you don't have acne/acne-prone skin I 100% recommend this sunscreen. My skincare addict aunt uses this everyday, she's almost 50 and still looks like she's in her early 30's and very moisturized.

\-Round Labs Birch Juice SPF 45: Best sunscreen I've tried, might give this a second chance to be honest. If I use something like niacinamide under it, it leaves my skin feeling dry, and if I use nothing it leaves me feeling greasy. Now that I've got my acne a bit more under control (thank you Cabtreo) we'll see how it goes.

\-Hero Cosmetics Force Shield (Green Tinted) SPF 30: It's OK. Didn't make me feel dry or greasy, a great in-between! Only if it didn't make me look incredibly incredibly pale. It's great for covering up red areas, but I was told I looked incredibly pale (pale as in close to throwing up) when I used it. Do not use if you have warm/neutral undertones like me. Also, it smells FUCKING AMAZING. So good. Best smelling sunscreen I've EVER used.

\-Hero Cosmetics Force Shield (Bronze Tinted) SPF 30: I don't think they even sell this version anymore, but in case they do and you wanted to buy it, DON'T. Unless you're the exact same shade as the sunscreen or a bit darker you will look weird compared to the rest of your body. Also does not smell as good as it's green counterpart. Hero cosmetics is an amazing brand for acne prone/sensitive skin though!

\-CeraVe Lightweight Sunscreen: It's OK, it's what I'm currently using. It's just not moisturizing enough to use as a moisturizer+sunscreen. Not notable at all.",1748988718.0,3,5,t2_1nyxr5kpej,BuzzzedAgain,https://www.reddit.com/user/BuzzzedAgain
1l2or3h,/r/SkincareAddiction/comments/1l2or3h/acne_hi_there_how_long_does_azelaic_acid_purge/,I‚Äôve been gaining new spots almost every day since I‚Äôve been on azelaic acid for 2.5 weeks is this purging or does my skin not like it I keep it well moisturised no signs of dryness pls answer thanks!,1748988010.0,1,3,t2_pjjrf2pm,Any_Acanthisitta3346,https://www.reddit.com/user/Any_Acanthisitta3346
1l2ogtx,/r/SkincareAddiction/comments/1l2ogtx/product_request_how_should_can_i_even_out_my_skin/,My face in natural lighting is about 7 shades darker than my body. I want it to be closer to my body tone.,1748987315.0,0,18,t2_1p5svzz5pa,FunDamage6899,https://www.reddit.com/user/FunDamage6899
1l2of47,/r/SkincareAddiction/comments/1l2of47/product_request_any_alternative_similar_to/,"Accutane has been the ONLY thing to 100% clear my acne. My face has NEVER been so clear and smooth. I had to stop after 2 months, because it caused hard and bloody stool that will make me constipated. I believe it caused permanent internal damage because it still hurts to poop and I‚Äôve been off it since Jan 2024. 

I‚Äôve tried: 
- Benzoyl peroxide, both the leave on &amp; wash
- Benozyl mixed with clindamycin 
- Clindamycin by itself 
- Tretinoin .05%, 0.15%, and 0.1% for 2 years 
- Adapalene 
- Doxycycline
- Salicylic acid 
- Snail mucin
- Tazorene .05% (which I‚Äôm currently using, for 6 months) 
- Azelaic acid 15% &amp; 20% (Finacea) 
- Niacinamide 
- Birth control: Zumandimine (which is the generic for Yaz) for 1 month &amp; there was a different brand I tried for 2 months tht I can‚Äôt rmb the name


I‚Äôm 23 and I‚Äôve been struggling with acne all over my face since 14 years old. 
üò≠üò≠üò≠ it‚Äôs so embarrassing 
",1748987200.0,1,15,t2_5h431v5i,Solid-Implement-1757,https://www.reddit.com/user/Solid-Implement-1757
1l2od83,/r/SkincareAddiction/comments/1l2od83/sun_care_does_anybody_know_how_sensitive_the_skin/,"Can anybody with similar IPL experience let me know?  
  
I got 3 sessions of IPL. Almost all of my sun spots are gone. I understand that it is not guaranteed that they stay away if you are exposed to the sun, but am I never going to be able to get a tan going forward or else all of the results of the treatment reverse?

 Since the IPL doesn't do anything to the melanocytes that produce the pigment, are they basically hardwired to produce sun spots instead of the even tones that the surrounding skin does? ",1748987071.0,2,1,t2_13nsqnox1m,Leading-Composer-491,https://www.reddit.com/user/Leading-Composer-491
1l2oa6j,/r/SkincareAddiction/comments/1l2oa6j/itchy_bumps_popped_up_on_my_skin_whats_happening/,Like hives? Eczema? Also what do I do about it? They popped up went away and then came back,1748986867.0,1,5,t2_1pzkigaftq,CoolCauliflower975,https://www.reddit.com/user/CoolCauliflower975
1l2o43r,/r/SkincareAddiction/comments/1l2o43r/acne_recovering_from_differin_and_razor_bumps/,"Hello everyone, it's been about a month since I've stopped using differin gel. I introduced it slowly using the sandwich method that I've seen a lot of people propose, but after six months there was no improvement and it actually made my skin a lot worse, probably the worst it's ever been. In the past month I've taken the advice of people whose skin barriers have been compromised and been very light on the routine, focusing mostly on moisturizing and letting my skin heal. I'm wondering if there's anything I can do currently to help the process because I'm really not sure if my skin is getting better at all. As you can see in the photos I'm experiencing redness, large raised pimples that stay for a long time, along with the smaller bumps that go along my hairline and forehead. I've made a dermatologist appointment but they're booked up for a decent amount of time, so I'm just seeing what I could do until I can get in. 

Additionally I'm also wondering if anyone has experience getting rid of existing razor bumps like in the last picture. I've tried numerous suggested products such as Tend Skin and Bump Patrol, but they've made no noticeable difference. Would something like hydrocortisone cream possibly work for these? Thanks in advance.",1748986451.0,3,8,t2_4dnn4d0n,LebronSteinbeck,https://www.reddit.com/user/LebronSteinbeck
1l2n853,/r/SkincareAddiction/comments/1l2n853/misc_is_this_ringworm_or_something_else/,"Hi all, I‚Äôve had this round ‚Äúpatch‚Äù on the back of my hand for about 2,5 weeks now. First, I thought it was a mosquito bite because it looked like one and was itchy, but over time the itch has faded, and it grew to a larger circle. Is this ringworm or could it be something else?",1748984326.0,0,2,t2_12tt5jaa0c,Squ1db0ll,https://www.reddit.com/user/Squ1db0ll
1l2mxil,/r/SkincareAddiction/comments/1l2mxil/product_request_vivant_skincare_dupes/,"
I suffer from acne prone skin and dark marks and my esthetician recently recommended a bunch of vivant products but I live outside the US and the exchange rate makes the products super expensive. So does anyone have any affordable dupes for the following products:

Vivant Oxygen cream 
Mineral spf 
Vivant daily repair pads
Vivant Derma A gel
Vivant Oxygen cream


Any advice/questions are welcomed!!",1748983641.0,2,1,t2_lzsw3nus,hereforthevibes0,https://www.reddit.com/user/hereforthevibes0
1l2mshb,/r/SkincareAddiction/comments/1l2mshb/acne_little_white_pimples_on_chest_stomach_thighs/,"A few days ago, I got a bunch of these little pimples all over my torso and arms (mostly around the inner elbows) and a few on back of the wrist and thighs, all in one day. And I popped them all, easily, and they were gone.
Since then, I keep getting one or two a day and have been having fun popping them, but I‚Äôm just wondering why they started to appear.

Some facts about me:
-I don‚Äôt use any products on those parts of my body.
-I shower every day, but I do sweat a lot because of a hormonal imbalance.
-Before this, I only ever got small, colorless bumps on my face.

So it could just be that I started sweating more since summer began, but I‚Äôve never really had pimples with pus before, let alone on those areas.",1748983310.0,7,6,t2_8hu0kkad,jootb,https://www.reddit.com/user/jootb
1l2mml6,/r/SkincareAddiction/comments/1l2mml6/product_request_discontinued_glowhub/,"Hello! I am in a predicament. Glowhub has, for some reason, discontinued or paused production of their calm and soothe moisturiser. I have very sensitive skin and this is the only moisturiser I have ever tried that doesn‚Äôt irritate my skin. Does ANYONE have a pot that I can buy off them please?? Or have any suggestions of any similar products? üò≠üò≠üò≠ *UK based ",1748982926.0,1,1,t2_1bi92b1h6y,northernblondeferret,https://www.reddit.com/user/northernblondeferret
1l2mkf0,/r/SkincareAddiction/comments/1l2mkf0/acne_regular_pimples/,"Hi all,

I am a 27M and I have been doing skincare since the start of the year. For the last few months I have had a really consistent routine:

**Morning:** 

1) The Ordinary Squalane Cleanser¬†

2)CeraVe AM Facial Moisturising Lotion SPF50 

**Evening:**

1) The Ordinary Squalane Cleanser¬†

2) The Ordinary Hyaluronic Acid 2% + B5 Hydrating Serum

3) Dermatica Tretinoin 0.05% Lotion

4) CeraVe PM Facial Moisturising Lotion

  
Despite all this I am still getting regular pimples (and occasional dry flaky skin), I tend to get one new pimple every single day!

My diet is pretty clean, I eat lot of fresh fruit and vegtables as well as protein sources and oats, with the occasional sugary indulgence. I also workout 3x a week and walk 10K steps around 5 days of the week. I also wash my pillows and towels every week. 

Can anyone help me understand why I am still getting pimples please?

Thank you! ",1748982787.0,5,2,t2_eljlotex,kp0027788,https://www.reddit.com/user/kp0027788
1l2mgq3,/r/SkincareAddiction/comments/1l2mgq3/product_request/,"for the past few weeks, I have been breaking out in these areas because they‚Äôve been more oily due to the summer heat. What product or face wash do I need to use to combat the oil to get rid of the breakouts? Any advice is appreciated.",1748982547.0,1,1,t2_10bkpojj8q,Prestigious_Staff930,https://www.reddit.com/user/Prestigious_Staff930
1l2lcra,/r/SkincareAddiction/comments/1l2lcra/product_request_i_need_help_with_my_bumpy/,"I have these rough bumps all over my butt. Theyre usually harmless but they itch sometimes and always leave hyperpigmentation, and feel so rough to the touch. Im sick of it, no matter what i try they just dont go away. Any suggestion on how to get rid of them would be super appreciated! ",1748979980.0,0,8,t2_s0w3mhbw,ChampionTrue6361,https://www.reddit.com/user/ChampionTrue6361
1l2lz5a,/r/SkincareAddiction/comments/1l2lz5a/routine_help_how_can_i_improve_my_skin/,"I'd like to reduce any hyperpigmentation, acne scars, acne, sun spots, freckles, discoloration, the appearance of pores, and wrinkles/fine lines. My family has an issues with the undereye area, so I'd like to target that for prevention. 

I am 32 and would like my skin tone to be more even so that I am more confident when I am out without makeup. 

I currently use CeraVe foaming facial cleanser in the shower, brightening niacinamide-turmeric facial cleanser, 15% lactic acid facial serum, 2% salicylic acid treatment cream, SPF, and Tarte maracuja c-brighter eye treatment. 

I have done 1 microdermabrasion facial, 1 dermaplane facial, and 4 basic facials. 

I am looking into IPL photo facials, microneedling, chemical peels, acne high frequency facial, tretinoin, retinol, etc. I am open to any recommendations for these or anything else! 

",1748981399.0,4,6,t2_ob3gteiwg,Tiny_Departure3054,https://www.reddit.com/user/Tiny_Departure3054
1l2lgn1,/r/SkincareAddiction/comments/1l2lgn1/routine_help_dry_skin_and_cheek_acne/,"Hi guys! This is my first time posting on this sub so hopefully I‚Äôm doing it right but

I [19F] have been struggling with consistent cheek acne and small acne bumps for months. Sometimes it goes away and scars, other times it reappears every other week. Can someone help me identify how to get rid of it + how to help my dry/dull skin?

Morning: No cleanser Hatomugi Skin Conditioner Toner Ordinary niacinamide + zinc Numbuzin No 5 Goodbye Blemish Serum Cerave Moisturizer Beauty of Joseon Sunscreen

Night: Cerave Hydrating Cleanser Obagi Scar Gel Ordinary Niacinamide + Zinc Cerave Moisturizer La Roche Posay Cicaplast

-Occasionally I use the medicube zero pore pads or differin gel, once a week or every two weeks!",1748980230.0,2,3,t2_10aankkqp8,Icy_Opening7938,https://www.reddit.com/user/Icy_Opening7938
1l2lf3h,/r/SkincareAddiction/comments/1l2lf3h/product_question_kayura_skincare_line/,I keep getting IG ads for Kayura. Looks like they‚Äôre a ‚Äúclean‚Äù brand that has a lot of Ayurvedic ingredients. I can‚Äôt find info on them on Reddit so curious if anyone has tried it. Of course I‚Äôm hesitant to trust a lot of the 5 star reviews online these days. TIA!,1748980132.0,2,1,t2_f3h98xyj,darkunicornist,https://www.reddit.com/user/darkunicornist
1l2l4ho,/r/SkincareAddiction/comments/1l2l4ho/routine_help_what_should_i_do_with_my_sunken/,"[22F] soo I have been struggling with eyebags/dark circles since puberty. They got worse once I had weight issues (both up and down) and I started using caffeine serums. They dried out my undereyes SO bad that I got fine lines at 19 and they dont seem to go away üíÄ also using a lash serum (ik, dumb of me) did NOT help this issue at all, quite the contrary. 

Pics are contemporary, taken this year. 

I asked chatgpt to recommend me an eye cream and it picked the BOJ ginseng + retinal one, but I am quite anxious with starting retinoids at my age. I tried it twice and it seemed to strengten my undereyes a bit but they seemed way more red.

Is there anyone with similar issues that they improved with skincare? Or are fillers/fat transfer my only options? 
",1748979449.0,0,15,t2_4jmfi1w1,Comprehensive-Egg101,https://www.reddit.com/user/Comprehensive-Egg101
1l2l1lo,/r/SkincareAddiction/comments/1l2l1lo/routine_help_how_can_i_fix_nodular_acne_scars/,"I've suffered from acne all my life and nothing worked. The frequency have reduced, but I still get BIG nodular acne (2/3 times a year) and they leave a big scar while leaving.",1748979262.0,1,4,t2_mqcoy4j2,Outrageous-Case-1499,https://www.reddit.com/user/Outrageous-Case-1499
1l2jkur,/r/SkincareAddiction/comments/1l2jkur/product_request_need_a_routine_revamp/,"Hey yall,

Curious to hear from some of you who may fall into the category geared towards aging (I‚Äôm 39) dry skin girlies?

I just started using Tret and have been noticing a little sensitivity but nothing major. I am diligent about my sunscreen, and have a good routine going morning and night, but I‚Äôm just curious about some of the products you love. I have been very loyal to Caudelie vinoperfect serum for some time but if anyone knows of any more affordable alternatives, I‚Äôd also love to hear your thoughts!

I have LOTS of redness, some melasma, and am not really very sensitive or acne prone as a rule. Mostly just struggle with dryness and noticing them fine lines coming round the bend. TIA! ‚ô•Ô∏è",1748975370.0,2,5,t2_elz4bn1vu,laurenoscopyl,https://www.reddit.com/user/laurenoscopyl
1l2jcpi,/r/SkincareAddiction/comments/1l2jcpi/product_request_iso_a_precleanser_for_extremely/,"I‚Äôm currently using Dermalogica‚Äôs Micellar Prebiotic Precleanse and as much as I love it, it‚Äôs giving me a rash on the outer corners of my eyes. Does anyone have any recommendations for something that‚Äôs even more gentle? For context, I have very sensitive, acne-prone dry skin.

Was looking at Tatcha‚Äôs Camellia Cleansing Oil but am open to suggestions.",1748974862.0,3,4,t2_t4100rx,cmacdc12,https://www.reddit.com/user/cmacdc12
1l2jbnl,/r/SkincareAddiction/comments/1l2jbnl/routine_help_affordable_or_cheap_skincare/,"Hey i have bumps in my cheeks and forehead,
sebaceous filaments in my nose, cheeks and chin,
open pores, redness in my cheeks or red dots, pretty dark circles, dark spots in my
cheeks and forehead. What can i do?? I use 2% of
garnier acid salycilic cleanser and i use a cerave
moisturizer for oily skin with 30 spf but when i go
outside i only use a loreal sunscreen 50 fps, but i feel
it oily, need a better one but With an affordable
price. Also for my acne i use peroxide benzoyl cream
and soap. PS: Im not north american, im from chile and
there is no that variety of products and the exported
ones are more inflated also, I forgot that i used double cleansing with a mario
badescu oil cleanser for months like for 40 seconds,
but it didnt worked


",1748974796.0,2,5,t2_1qqirzp7tv,fish_in_the_sink,https://www.reddit.com/user/fish_in_the_sink
1l2j628,/r/SkincareAddiction/comments/1l2j628/prequel_ampm_modern_moisturizer_for_face_psa/,Look what just launched...!! SO excited...!! I'm obsessed with all things Prequel...just nabbed it in a discounted bundle with the Gleanser...üòçüòçüòç,1748974454.0,0,1,t2_tdpnyag7,SFglamour,https://www.reddit.com/user/SFglamour
